Data,Hora,Temperatura Interna,Temperatura Externa,Temperatura Definida pelo usu√°rio,Poder do Resistor (%),Poder da ventoinha(%)
23/01/2023,09:31:50,"33.94","22.64","25.00","0.00","100.00"
23/01/2023,09:31:54,"33.81","22.64","25.00","0.00","100.00"
23/01/2023,09:31:58,"33.56","22.64","25.00","0.00","100.00"
23/01/2023,09:32:02,"33.31","22.64","25.00","0.00","100.00"
23/01/2023,09:32:06,"32.94","22.64","25.00","0.00","96.64"
23/01/2023,09:32:10,"32.75","22.64","25.00","0.00","100.00"
23/01/2023,09:32:14,"32.44","22.64","25.00","0.00","100.00"
23/01/2023,09:32:19,"0.00","22.64","25.00","100.00","0.00"
23/01/2023,09:32:27,"0.00","22.64","25.00","100.00","0.00"
23/01/2023,09:32:35,"0.00","22.64","25.00","100.00","0.00"
23/01/2023,09:32:50,"0.00","22.64","25.00","100.00","0.00"
23/01/2023,09:32:54,"35.69","22.64","25.00","0.00","100.00"
23/01/2023,09:32:58,"36.38","22.64","25.00","0.00","100.00"
23/01/2023,09:33:04,"0.00","22.64","25.00","100.00","0.00"
23/01/2023,09:33:08,"0.00","22.64","25.00","100.00","0.00"
23/01/2023,09:33:19,"0.00","22.64","25.00","100.00","0.00"
23/01/2023,09:33:27,"0.00","22.92","25.00","100.00","0.00"
23/01/2023,09:33:38,"43.06","22.95","25.00","0.00","100.00"
23/01/2023,09:33:46,"45.69","22.98","25.00","0.00","100.00"
23/01/2023,09:33:54,"30.00","22.99","25.00","100.00","0.00"
23/01/2023,09:34:03,"0.00","23.01","25.00","100.00","0.00"
23/01/2023,09:34:09,"49.31","23.02","25.00","0.00","100.00"
23/01/2023,09:34:14,"50.31","23.02","25.00","0.00","100.00"
23/01/2023,09:34:19,"0.00","23.02","25.00","100.00","0.00"
23/01/2023,09:34:27,"0.00","23.02","25.00","100.00","0.00"
23/01/2023,09:34:35,"30.00","23.02","25.00","0.00","100.00"
23/01/2023,09:34:41,"54.19","23.07","25.00","0.00","100.00"
23/01/2023,09:34:47,"54.31","23.10","25.00","0.00","100.00"
23/01/2023,09:34:51,"54.25","23.10","25.00","0.00","100.00"
23/01/2023,09:34:55,"54.12","23.10","25.00","0.00","100.00"
23/01/2023,09:34:59,"54.00","23.10","25.00","0.00","100.00"
23/01/2023,09:35:03,"53.69","23.10","25.00","0.00","100.00"
23/01/2023,09:35:07,"53.50","23.10","25.00","0.00","100.00"
23/01/2023,09:35:11,"53.19","23.10","25.00","0.00","100.00"
23/01/2023,09:35:15,"52.94","23.10","25.00","0.00","100.00"
23/01/2023,09:35:19,"52.56","23.10","25.00","0.00","100.00"
23/01/2023,09:35:23,"52.19","23.10","25.00","0.00","100.00"
23/01/2023,09:35:27,"51.88","23.10","25.00","0.00","100.00"
23/01/2023,09:35:31,"51.50","23.10","25.00","0.00","100.00"
23/01/2023,09:35:35,"51.19","23.10","25.00","0.00","100.00"
23/01/2023,09:35:39,"50.75","23.10","25.00","0.00","100.00"
23/01/2023,09:35:43,"50.44","23.10","25.00","0.00","100.00"
23/01/2023,09:35:47,"49.94","23.10","25.00","0.00","100.00"
23/01/2023,09:35:51,"49.50","23.10","25.00","0.00","100.00"
23/01/2023,09:35:55,"49.12","23.10","25.00","0.00","100.00"
23/01/2023,09:35:59,"48.62","23.10","25.00","0.00","100.00"
23/01/2023,09:36:03,"48.31","23.10","25.00","0.00","100.00"
23/01/2023,09:36:08,"47.81","23.10","25.00","0.00","100.00"
23/01/2023,09:36:12,"47.50","23.10","25.00","0.00","100.00"
23/01/2023,09:36:16,"47.06","23.10","25.00","0.00","100.00"
23/01/2023,09:36:20,"46.75","23.10","25.00","0.00","100.00"
23/01/2023,09:36:24,"46.19","23.10","25.00","0.00","100.00"
23/01/2023,09:36:28,"45.81","23.10","25.00","0.00","100.00"
23/01/2023,09:36:32,"45.50","23.10","25.00","0.00","100.00"
23/01/2023,09:36:36,"45.06","23.10","25.00","0.00","100.00"
23/01/2023,09:36:40,"44.69","23.10","25.00","0.00","100.00"
23/01/2023,09:36:44,"44.31","23.10","25.00","0.00","100.00"
23/01/2023,09:36:48,"44.00","23.10","25.00","0.00","100.00"
23/01/2023,09:36:52,"43.56","23.10","25.00","0.00","100.00"
23/01/2023,09:36:56,"43.12","23.10","25.00","0.00","100.00"
23/01/2023,09:37:01,"42.69","23.10","38.00","100.00","0.00"
23/01/2023,09:37:05,"42.44","23.10","38.00","0.00","53.12"
23/01/2023,09:37:09,"42.50","23.10","38.00","0.00","100.00"
23/01/2023,09:37:13,"42.50","23.10","38.00","0.00","100.00"
23/01/2023,09:37:17,"42.38","23.10","38.00","0.00","100.00"
23/01/2023,09:37:21,"42.06","23.10","38.00","0.00","40.00"
23/01/2023,09:37:25,"41.81","23.10","38.00","0.00","40.00"
23/01/2023,09:37:30,"41.75","23.10","38.00","0.00","100.00"
23/01/2023,09:37:34,"41.81","23.10","38.00","0.00","100.00"
23/01/2023,09:37:38,"41.44","23.10","38.00","26.88","0.00"
23/01/2023,09:37:42,"41.19","23.10","38.00","0.00","40.00"
23/01/2023,09:37:46,"41.25","23.10","38.00","0.00","100.00"
23/01/2023,09:37:50,"41.25","23.10","38.00","0.00","100.00"
23/01/2023,09:37:54,"41.00","23.10","38.00","0.00","40.00"
23/01/2023,09:37:58,"40.75","23.10","38.00","0.00","40.00"
23/01/2023,09:38:02,"40.62","23.10","38.00","0.00","48.75"
23/01/2023,09:38:06,"40.56","23.10","38.00","0.00","71.88"
23/01/2023,09:38:10,"40.44","23.10","38.00","0.00","43.12"
23/01/2023,09:38:14,"40.19","23.10","38.00","14.38","0.00"
23/01/2023,09:38:18,"40.06","23.10","38.00","0.00","40.00"
23/01/2023,09:38:22,"40.12","23.10","38.00","0.00","100.00"
23/01/2023,09:38:26,"40.12","23.10","38.00","0.00","83.75"
23/01/2023,09:38:30,"39.88","23.10","38.00","23.75","0.00"
23/01/2023,09:38:34,"39.50","23.10","38.00","85.00","0.00"
23/01/2023,09:38:38,"39.56","23.10","38.00","0.00","91.88"
23/01/2023,09:38:42,"39.69","23.10","38.00","0.00","100.00"
23/01/2023,09:38:46,"39.62","23.10","38.00","0.00","43.75"
23/01/2023,09:38:51,"39.44","23.10","38.00","11.88","0.00"
23/01/2023,09:38:55,"39.31","23.10","38.00","0.00","40.00"
23/01/2023,09:38:59,"39.44","23.10","38.00","0.00","100.00"
23/01/2023,09:39:03,"39.50","23.10","38.00","0.00","90.00"
23/01/2023,09:39:07,"39.31","23.10","38.00","15.62","0.00"
23/01/2023,09:39:11,"39.00","23.10","38.00","75.00","0.00"
23/01/2023,09:39:15,"39.12","23.10","38.00","0.00","100.00"
23/01/2023,09:39:19,"39.25","23.10","38.00","0.00","100.00"
23/01/2023,09:39:23,"39.19","23.10","38.00","0.00","40.00"
23/01/2023,09:39:27,"39.00","23.10","38.00","25.00","0.00"
23/01/2023,09:39:31,"38.88","23.10","38.00","3.75","0.00"
23/01/2023,09:39:35,"39.00","23.10","38.00","0.00","100.00"
23/01/2023,09:39:39,"39.19","23.10","38.00","0.00","100.00"
23/01/2023,09:39:43,"39.06","23.10","38.00","0.00","40.00"
23/01/2023,09:39:47,"38.88","23.10","38.00","28.75","0.00"
23/01/2023,09:39:51,"38.75","23.10","38.00","7.50","0.00"
23/01/2023,09:39:55,"38.81","23.10","38.00","0.00","69.38"
23/01/2023,09:39:59,"39.00","23.10","38.00","0.00","100.00"
23/01/2023,09:40:03,"39.00","23.10","38.00","0.00","50.00"
23/01/2023,09:40:07,"38.69","23.10","38.00","84.38","0.00"
23/01/2023,09:40:12,"38.50","23.10","38.00","40.00","0.00"
23/01/2023,09:40:16,"38.62","23.10","38.00","0.00","88.75"
23/01/2023,09:40:20,"38.88","23.10","38.00","0.00","100.00"
23/01/2023,09:40:24,"38.88","23.10","38.00","0.00","46.25"
23/01/2023,09:40:28,"38.69","23.10","38.00","34.38","0.00"
23/01/2023,09:40:32,"38.62","23.10","38.00","0.00","40.00"
23/01/2023,09:40:36,"38.81","23.10","38.00","0.00","100.00"
23/01/2023,09:40:40,"38.94","23.10","38.00","0.00","98.12"
23/01/2023,09:40:44,"38.75","23.10","38.00","32.50","0.00"
23/01/2023,09:40:48,"38.56","23.10","38.00","38.12","0.00"
23/01/2023,09:40:52,"38.69","23.10","38.00","0.00","90.62"
23/01/2023,09:40:56,"38.94","23.10","38.00","0.00","100.00"
23/01/2023,09:41:00,"38.88","23.10","38.00","0.00","40.00"
23/01/2023,09:41:05,"38.69","23.10","46.00","100.00","0.00"
23/01/2023,09:41:09,"38.69","23.10","46.00","100.00","0.00"
23/01/2023,09:41:13,"38.94","23.10","46.00","96.21","0.00"
23/01/2023,09:41:17,"39.25","23.10","46.00","63.19","0.00"
23/01/2023,09:41:21,"39.88","23.10","46.00","0.00","79.34"
23/01/2023,09:41:25,"40.44","23.10","46.00","0.00","70.10"
23/01/2023,09:41:29,"40.69","23.10","46.00","48.46","0.00"
23/01/2023,09:41:34,"40.88","23.10","46.00","68.86","0.00"
23/01/2023,09:41:38,"41.19","23.10","46.00","10.45","0.00"
23/01/2023,09:41:42,"41.81","23.10","46.00","0.00","100.00"
23/01/2023,09:41:46,"42.19","23.10","46.00","0.00","42.95"
23/01/2023,09:41:50,"42.31","23.10","46.00","54.04","0.00"
23/01/2023,09:41:54,"42.50","23.10","46.00","24.11","0.00"
23/01/2023,09:41:59,"0.00","23.10","46.00","100.00","0.00"
23/01/2023,09:42:05,"0.00","23.10","46.00","100.00","0.00"
23/01/2023,09:42:16,"0.00","23.10","46.00","100.00","0.00"
23/01/2023,09:42:24,"0.00","23.10","46.00","100.00","0.00"
23/01/2023,09:42:32,"0.00","23.10","46.00","100.00","0.00"
23/01/2023,09:42:38,"0.00","23.10","46.00","100.00","0.00"
23/01/2023,09:42:42,"51.12","23.10","46.00","0.00","100.00"
23/01/2023,09:42:46,"52.31","23.10","46.00","0.00","100.00"
23/01/2023,09:42:50,"52.50","23.10","46.00","0.00","100.00"
23/01/2023,09:42:54,"52.69","23.10","46.00","0.00","100.00"
23/01/2023,09:42:58,"52.69","23.10","46.00","0.00","100.00"
23/01/2023,09:43:02,"52.62","23.10","46.00","0.00","100.00"
23/01/2023,09:43:06,"52.50","23.10","46.00","0.00","100.00"
23/01/2023,09:43:10,"52.25","23.10","46.00","0.00","77.64"
23/01/2023,09:43:15,"52.12","23.10","46.00","0.00","100.00"
23/01/2023,09:43:19,"52.00","23.10","46.00","0.00","100.00"
23/01/2023,09:43:23,"51.69","23.10","46.00","0.00","40.00"
23/01/2023,09:43:27,"51.50","23.10","46.00","0.00","84.80"
23/01/2023,09:43:31,"51.44","23.10","46.00","0.00","100.00"
23/01/2023,09:43:35,"51.25","23.10","46.00","0.00","79.44"
23/01/2023,09:43:39,"50.88","23.10","46.00","5.84","0.00"
23/01/2023,09:43:43,"50.62","23.10","46.00","0.00","40.00"
23/01/2023,09:43:47,"50.75","23.10","46.00","0.00","100.00"
23/01/2023,09:43:51,"50.75","23.10","46.00","0.00","100.00"
23/01/2023,09:43:55,"50.44","23.10","46.00","0.00","40.00"
23/01/2023,09:43:59,"49.88","23.10","46.00","100.00","0.00"
23/01/2023,09:44:03,"49.75","23.10","46.00","0.00","65.65"
23/01/2023,09:44:07,"49.94","23.10","46.00","0.00","100.00"
23/01/2023,09:44:11,"49.88","23.10","46.00","0.00","95.96"
23/01/2023,09:44:15,"49.56","23.10","46.00","12.70","0.00"
23/01/2023,09:44:19,"49.12","23.10","46.00","75.20","0.00"
23/01/2023,09:44:23,"49.31","23.10","46.00","0.00","100.00"
23/01/2023,09:44:27,"49.62","23.10","46.00","0.00","100.00"
23/01/2023,09:44:31,"49.44","23.10","46.00","0.00","40.00"
23/01/2023,09:44:36,"49.00","23.10","46.00","76.28","0.00"
23/01/2023,09:44:40,"48.94","23.10","46.00","0.00","72.44"
23/01/2023,09:44:44,"49.12","23.10","46.00","0.00","100.00"
23/01/2023,09:44:48,"49.12","23.10","46.00","0.00","100.00"
23/01/2023,09:44:52,"48.75","23.10","46.00","56.39","0.00"
23/01/2023,09:44:56,"48.31","23.10","46.00","94.05","0.00"
23/01/2023,09:45:00,"48.50","23.10","46.00","0.00","100.00"
23/01/2023,09:45:04,"48.88","23.10","46.00","0.00","100.00"
23/01/2023,09:45:08,"48.75","23.10","46.00","0.00","45.70"
23/01/2023,09:45:12,"48.38","23.10","46.00","65.07","0.00"
23/01/2023,09:45:16,"48.31","23.10","46.00","0.00","58.51"
23/01/2023,09:45:20,"48.62","23.10","46.00","0.00","100.00"
23/01/2023,09:45:24,"48.62","23.10","46.00","0.00","93.94"
23/01/2023,09:45:28,"48.38","23.10","46.00","13.09","0.00"
23/01/2023,09:45:32,"48.00","23.10","46.00","73.94","0.00"
23/01/2023,09:45:36,"48.12","23.10","46.00","0.00","100.00"
23/01/2023,09:45:40,"48.44","23.10","46.00","0.00","100.00"
23/01/2023,09:45:44,"48.38","23.10","46.00","0.00","63.70"
23/01/2023,09:45:48,"47.94","23.10","46.00","99.04","0.00"
23/01/2023,09:45:52,"47.69","23.10","46.00","31.20","0.00"
23/01/2023,09:45:57,"47.88","23.10","46.00","0.00","100.00"
23/01/2023,09:46:01,"48.38","23.10","46.00","0.00","100.00"
23/01/2023,09:46:05,"48.19","23.10","46.00","0.00","40.00"
23/01/2023,09:46:09,"47.81","23.10","46.00","75.80","0.00"
23/01/2023,09:46:13,"47.75","23.10","46.00","0.00","47.50"
23/01/2023,09:46:17,"48.00","23.10","46.00","0.00","100.00"
23/01/2023,09:46:21,"48.12","23.10","46.00","0.00","100.00"
23/01/2023,09:46:25,"47.88","23.10","46.00","23.75","0.00"
23/01/2023,09:46:29,"47.50","23.10","46.00","85.00","0.00"
23/01/2023,09:46:33,"47.56","23.10","46.00","0.00","91.88"
23/01/2023,09:46:37,"47.94","23.10","46.00","0.00","100.00"
23/01/2023,09:46:41,"47.88","23.10","46.00","0.00","51.25"
23/01/2023,09:46:45,"47.50","23.10","46.00","85.00","0.00"
23/01/2023,09:46:49,"47.38","23.10","46.00","0.00","40.00"
23/01/2023,09:46:53,"47.62","23.10","46.00","0.00","100.00"
23/01/2023,09:46:57,"47.75","23.10","46.00","0.00","100.00"
23/01/2023,09:47:01,"47.56","23.10","46.00","8.12","0.00"
23/01/2023,09:47:05,"47.12","23.10","46.00","100.00","0.00"
23/01/2023,09:47:09,"47.19","23.10","46.00","0.00","80.62"
23/01/2023,09:47:13,"47.62","23.10","46.00","0.00","100.00"
23/01/2023,09:47:18,"47.62","23.10","46.00","0.00","68.75"
23/01/2023,09:47:22,"47.31","23.10","46.00","65.62","0.00"
23/01/2023,09:47:26,"47.06","23.10","46.00","48.12","0.00"
23/01/2023,09:47:30,"47.25","23.10","46.00","0.00","100.00"
23/01/2023,09:47:34,"47.62","23.10","46.00","0.00","100.00"
23/01/2023,09:47:38,"47.50","23.10","46.00","0.00","40.00"
23/01/2023,09:47:42,"47.19","23.10","46.00","69.38","0.00"
23/01/2023,09:47:46,"47.12","23.10","46.00","0.00","40.00"
23/01/2023,09:47:50,"47.38","23.10","46.00","0.00","100.00"
23/01/2023,09:47:54,"47.50","23.10","46.00","0.00","100.00"
23/01/2023,09:47:58,"47.31","23.10","46.00","15.62","0.00"
23/01/2023,09:48:02,"46.88","23.10","46.00","100.00","0.00"
23/01/2023,09:48:06,"47.00","23.10","46.00","0.00","100.00"
23/01/2023,09:48:10,"47.38","23.10","46.00","0.00","100.00"
23/01/2023,09:48:14,"47.25","23.10","46.00","0.00","40.00"
23/01/2023,09:48:18,"46.94","23.10","46.00","76.88","0.00"
23/01/2023,09:48:22,"46.88","23.10","46.00","0.00","40.00"
23/01/2023,09:48:26,"47.19","23.10","46.00","0.00","100.00"
23/01/2023,09:48:30,"47.38","23.10","46.00","0.00","100.00"
23/01/2023,09:48:34,"47.19","23.10","46.00","19.38","0.00"
23/01/2023,09:48:39,"46.75","23.10","46.00","100.00","0.00"
23/01/2023,09:48:43,"46.81","23.10","46.00","0.00","69.38"
23/01/2023,09:48:47,"47.19","23.10","46.00","0.00","100.00"
23/01/2023,09:48:51,"47.19","23.10","46.00","0.00","55.62"
23/01/2023,09:48:55,"46.94","23.10","46.00","51.88","0.00"
23/01/2023,09:48:59,"46.94","23.10","46.00","0.00","48.12"
23/01/2023,09:49:03,"47.06","23.10","46.00","0.00","100.00"
23/01/2023,09:49:07,"47.19","23.10","46.00","0.00","100.00"
23/01/2023,09:49:11,"46.94","23.10","46.00","51.88","0.00"
23/01/2023,09:49:15,"46.56","23.10","46.00","100.00","0.00"
23/01/2023,09:49:19,"46.81","23.10","46.00","0.00","100.00"
23/01/2023,09:49:23,"47.12","23.10","46.00","0.00","100.00"
23/01/2023,09:49:27,"47.00","23.10","46.00","0.00","0.00"
23/01/2023,09:49:32,"46.81","23.10","54.00","100.00","0.00"
23/01/2023,09:49:36,"47.00","23.10","54.00","100.00","0.00"
23/01/2023,09:49:40,"47.50","23.10","54.00","0.00","40.00"
23/01/2023,09:49:44,"48.06","23.10","54.00","0.00","61.55"
23/01/2023,09:49:48,"48.25","23.10","54.00","83.97","0.00"
23/01/2023,09:49:52,"48.38","23.10","54.00","100.00","0.00"
23/01/2023,09:49:56,"48.62","23.10","54.00","49.92","0.00"
23/01/2023,09:50:01,"49.31","23.10","54.00","0.00","100.00"
23/01/2023,09:50:05,"49.75","23.10","54.00","0.00","57.04"
23/01/2023,09:50:09,"49.81","23.10","54.00","91.93","0.00"
23/01/2023,09:50:13,"49.88","23.10","54.00","90.88","0.00"
23/01/2023,09:50:17,"50.19","23.10","54.00","0.00","40.00"
23/01/2023,09:50:21,"50.94","23.10","54.00","0.00","100.00"
23/01/2023,09:50:25,"51.12","23.10","54.00","5.32","0.00"
23/01/2023,09:50:29,"51.12","23.10","54.00","80.90","0.00"
23/01/2023,09:50:33,"51.31","23.10","54.00","0.81","0.00"
23/01/2023,09:50:37,"51.88","23.10","54.00","0.00","100.00"
23/01/2023,09:50:41,"52.31","23.10","54.00","0.00","100.00"
23/01/2023,09:50:45,"52.12","23.10","54.00","100.00","0.00"
23/01/2023,09:50:49,"51.75","23.10","54.00","100.00","0.00"
23/01/2023,09:50:54,"52.19","23.10","57.00","100.00","0.00"
23/01/2023,09:50:58,"52.56","23.10","57.00","0.00","40.00"
23/01/2023,09:51:02,"53.38","23.10","57.00","0.00","100.00"
23/01/2023,09:51:06,"53.81","23.10","57.00","0.00","79.39"
23/01/2023,09:51:10,"53.62","23.10","57.00","100.00","0.00"
23/01/2023,09:51:14,"53.44","23.10","57.00","100.00","0.00"
23/01/2023,09:51:18,"53.69","23.10","57.00","1.41","0.00"
23/01/2023,09:51:23,"54.44","23.10","57.00","0.00","100.00"
23/01/2023,09:51:27,"55.00","23.10","57.00","0.00","100.00"
23/01/2023,09:51:31,"54.94","23.10","57.00","90.24","0.00"
23/01/2023,09:51:35,"54.69","23.10","57.00","100.00","0.00"
23/01/2023,09:51:39,"54.94","23.10","57.00","0.00","40.00"
23/01/2023,09:51:43,"55.62","23.10","57.00","0.00","100.00"
23/01/2023,09:51:47,"55.88","23.10","57.00","0.00","61.51"
23/01/2023,09:51:51,"55.62","23.10","57.00","100.00","0.00"
23/01/2023,09:51:55,"55.50","23.10","57.00","100.00","0.00"
23/01/2023,09:51:59,"55.88","23.10","57.00","0.00","100.00"
23/01/2023,09:52:03,"56.38","23.10","57.00","0.00","100.00"
23/01/2023,09:52:07,"56.31","23.10","57.00","51.42","0.00"
23/01/2023,09:52:11,"56.06","23.10","57.00","100.00","0.00"
23/01/2023,09:52:15,"56.31","23.10","57.00","0.00","73.25"
23/01/2023,09:52:19,"56.94","23.10","57.00","0.00","100.00"
23/01/2023,09:52:23,"57.00","23.10","57.00","0.00","40.00"
23/01/2023,09:52:27,"56.69","23.10","57.00","100.00","0.00"
23/01/2023,09:52:31,"56.62","23.10","57.00","42.53","0.00"
23/01/2023,09:52:35,"57.06","23.10","57.00","0.00","100.00"
23/01/2023,09:52:39,"57.50","23.10","57.00","0.00","100.00"
23/01/2023,09:52:44,"57.44","23.10","57.00","17.95","0.00"
23/01/2023,09:52:48,"57.00","23.10","57.00","100.00","0.00"
23/01/2023,09:52:52,"57.19","23.10","57.00","0.00","74.59"
23/01/2023,09:52:56,"57.69","23.10","57.00","0.00","100.00"
23/01/2023,09:53:00,"57.62","23.10","57.00","12.02","0.00"
23/01/2023,09:53:04,"57.19","23.10","57.00","100.00","0.00"
23/01/2023,09:53:08,"57.31","23.10","57.00","0.00","53.70"
23/01/2023,09:53:12,"57.81","23.10","57.00","0.00","100.00"
23/01/2023,09:53:16,"57.81","23.10","57.00","0.00","40.00"
23/01/2023,09:53:20,"57.44","23.10","57.00","100.00","0.00"
23/01/2023,09:53:24,"57.31","23.10","57.00","45.83","0.00"
23/01/2023,09:53:28,"57.56","23.10","57.00","0.00","100.00"
23/01/2023,09:53:32,"58.06","23.10","57.00","0.00","100.00"
23/01/2023,09:53:37,"57.62","23.10","61.00","100.00","0.00"
23/01/2023,09:53:41,"57.06","23.10","61.00","100.00","0.00"
23/01/2023,09:53:45,"57.25","23.10","61.00","44.59","0.00"
23/01/2023,09:53:49,"57.94","23.10","61.00","0.00","100.00"
23/01/2023,09:53:53,"58.38","23.10","61.00","0.00","88.03"
23/01/2023,09:53:57,"58.19","23.10","61.00","100.00","0.00"
23/01/2023,09:54:01,"57.88","23.10","61.00","100.00","0.00"
23/01/2023,09:54:06,"58.19","23.10","61.00","0.00","40.00"
23/01/2023,09:54:10,"58.62","23.10","61.00","0.00","93.30"
23/01/2023,09:54:14,"59.12","23.10","61.00","0.00","100.00"
23/01/2023,09:54:18,"58.81","23.10","61.00","100.00","0.00"
23/01/2023,09:54:22,"58.44","23.10","61.00","100.00","0.00"
23/01/2023,09:54:26,"58.75","23.10","61.00","0.00","45.28"
23/01/2023,09:54:30,"59.25","23.10","61.00","0.00","100.00"
23/01/2023,09:54:34,"59.50","23.10","61.00","0.00","42.12"
23/01/2023,09:54:38,"59.25","23.10","61.00","100.00","0.00"
23/01/2023,09:54:42,"59.06","23.10","61.00","100.00","0.00"
23/01/2023,09:54:46,"59.56","23.10","61.00","0.00","100.00"
23/01/2023,09:54:50,"60.00","23.10","61.00","0.00","100.00"
23/01/2023,09:54:54,"59.81","23.10","61.00","100.00","0.00"
23/01/2023,09:54:58,"59.44","23.10","61.00","100.00","0.00"
23/01/2023,09:55:02,"59.81","23.10","61.00","0.00","99.49"
23/01/2023,09:55:06,"60.31","23.10","61.00","0.00","100.00"
23/01/2023,09:55:10,"60.19","23.10","61.00","89.56","0.00"
23/01/2023,09:55:14,"59.88","23.10","61.00","100.00","0.00"
23/01/2023,09:55:18,"60.06","23.10","61.00","0.00","40.00"
23/01/2023,09:55:22,"60.88","23.10","61.00","0.00","100.00"
23/01/2023,09:55:27,"61.12","23.10","61.00","0.00","88.15"
23/01/2023,09:55:31,"60.69","23.10","61.00","100.00","0.00"
23/01/2023,09:55:35,"60.38","23.10","61.00","100.00","0.00"
23/01/2023,09:55:39,"60.69","23.10","61.00","0.00","99.78"
23/01/2023,09:55:43,"61.25","23.10","61.00","0.00","100.00"
23/01/2023,09:55:47,"61.19","23.10","61.00","35.14","0.00"
23/01/2023,09:55:51,"60.75","23.10","61.00","100.00","0.00"
23/01/2023,09:55:55,"61.06","23.10","61.00","0.00","100.00"
23/01/2023,09:55:59,"61.69","23.10","61.00","0.00","100.00"
23/01/2023,09:56:03,"61.44","23.10","61.00","100.00","0.00"
23/01/2023,09:56:07,"60.94","23.10","61.00","100.00","0.00"
23/01/2023,09:56:11,"61.19","23.10","61.00","0.00","90.07"
23/01/2023,09:56:15,"61.88","23.10","61.00","0.00","100.00"
23/01/2023,09:56:19,"61.88","23.10","61.00","0.00","40.00"
23/01/2023,09:56:23,"61.38","23.10","61.00","100.00","0.00"
23/01/2023,09:56:27,"61.38","23.10","61.00","3.80","0.00"
23/01/2023,09:56:31,"61.75","23.10","61.00","0.00","100.00"
23/01/2023,09:56:35,"62.38","23.10","61.00","0.00","100.00"
23/01/2023,09:56:39,"62.19","23.10","61.00","53.76","0.00"
23/01/2023,09:56:43,"61.50","23.10","61.00","100.00","0.00"
23/01/2023,09:56:48,"61.62","23.10","61.00","0.00","54.59"
23/01/2023,09:56:52,"62.25","23.10","61.00","0.00","100.00"
23/01/2023,09:56:56,"62.25","23.10","61.00","0.00","40.00"
23/01/2023,09:57:00,"61.81","23.10","61.00","100.00","0.00"
23/01/2023,09:57:04,"61.69","23.10","61.00","42.74","0.00"
23/01/2023,09:57:08,"61.94","23.10","61.00","0.00","100.00"
23/01/2023,09:57:12,"62.50","23.10","61.00","0.00","100.00"
23/01/2023,09:57:16,"62.25","23.10","61.00","75.12","0.00"
23/01/2023,09:57:20,"61.56","23.10","61.00","100.00","0.00"
23/01/2023,09:57:24,"61.62","23.10","61.00","0.00","40.00"
23/01/2023,09:57:28,"62.25","23.10","61.00","0.00","100.00"
23/01/2023,09:57:32,"62.44","23.10","61.00","0.00","100.00"
23/01/2023,09:57:36,"62.06","23.10","61.00","100.00","0.00"
23/01/2023,09:57:41,"61.38","23.10","63.00","100.00","0.00"
23/01/2023,09:57:45,"61.75","23.10","63.00","0.00","100.00"
23/01/2023,09:57:49,"62.31","23.10","63.00","0.00","100.00"
23/01/2023,09:57:53,"62.12","23.10","63.00","100.00","0.00"
23/01/2023,09:57:57,"61.69","23.10","63.00","100.00","0.00"
23/01/2023,09:58:01,"61.94","23.10","63.00","0.00","55.12"
23/01/2023,09:58:05,"62.75","23.10","63.00","0.00","100.00"
23/01/2023,09:58:10,"62.81","23.10","63.00","0.00","40.00"
23/01/2023,09:58:14,"62.38","23.10","63.00","100.00","0.00"
23/01/2023,09:58:18,"62.31","23.10","63.00","58.97","0.00"
23/01/2023,09:58:22,"62.81","23.10","63.00","0.00","100.00"
23/01/2023,09:58:26,"63.31","23.10","63.00","0.00","100.00"
23/01/2023,09:58:30,"63.06","23.10","63.00","100.00","0.00"
23/01/2023,09:58:34,"62.56","23.10","63.00","100.00","0.00"
23/01/2023,09:58:38,"62.81","23.10","63.00","0.00","80.94"
23/01/2023,09:58:42,"63.50","23.10","63.00","0.00","100.00"
23/01/2023,09:58:46,"63.50","23.10","63.00","0.00","40.00"
23/01/2023,09:58:50,"62.94","23.10","63.00","100.00","0.00"
23/01/2023,09:58:54,"62.88","23.10","63.00","42.03","0.00"
23/01/2023,09:58:58,"63.31","23.10","63.00","0.00","100.00"
23/01/2023,09:59:02,"63.75","23.10","63.00","0.00","100.00"
23/01/2023,09:59:06,"63.56","23.10","63.00","71.07","0.00"
23/01/2023,09:59:10,"62.88","23.10","63.00","100.00","0.00"
23/01/2023,09:59:14,"63.12","23.10","63.00","0.00","90.80"
23/01/2023,09:59:18,"63.62","23.10","63.00","0.00","100.00"
23/01/2023,09:59:22,"63.56","23.10","63.00","20.84","0.00"
23/01/2023,09:59:26,"63.00","23.10","63.00","100.00","0.00"
23/01/2023,09:59:31,"63.12","23.10","63.00","0.00","41.06"
23/01/2023,09:59:35,"63.75","23.10","63.00","0.00","100.00"
23/01/2023,09:59:39,"63.88","23.10","63.00","0.00","63.89"
23/01/2023,09:59:43,"63.44","23.10","63.00","100.00","0.00"
23/01/2023,09:59:47,"63.00","23.10","63.00","100.00","0.00"
23/01/2023,09:59:51,"63.25","23.10","63.00","0.00","95.28"
23/01/2023,09:59:55,"63.88","23.10","63.00","0.00","100.00"
23/01/2023,09:59:59,"63.69","23.10","63.00","66.29","0.00"
23/01/2023,10:00:03,"63.00","23.10","63.00","100.00","0.00"
23/01/2023,10:00:07,"63.19","23.10","63.00","0.00","68.75"
23/01/2023,10:00:11,"63.81","23.10","63.00","0.00","100.00"
23/01/2023,10:00:15,"63.69","23.10","63.00","40.95","0.00"
23/01/2023,10:00:19,"63.31","23.10","63.00","100.00","0.00"
23/01/2023,10:00:23,"63.56","23.10","63.00","0.00","100.00"
23/01/2023,10:00:27,"64.00","23.10","63.00","0.00","100.00"
23/01/2023,10:00:31,"63.69","23.10","63.00","100.00","0.00"
23/01/2023,10:00:35,"63.25","23.10","63.00","100.00","0.00"
23/01/2023,10:00:39,"63.44","23.10","63.00","0.00","77.20"
23/01/2023,10:00:43,"63.94","23.10","63.00","0.00","100.00"
23/01/2023,10:00:47,"63.94","23.10","63.00","0.00","40.00"
23/01/2023,10:00:52,"63.38","23.10","63.00","100.00","0.00"
23/01/2023,10:00:56,"63.25","23.10","63.00","52.92","0.00"
23/01/2023,10:01:00,"63.69","23.10","63.00","0.00","100.00"
23/01/2023,10:01:04,"64.19","23.10","63.00","0.00","100.00"
23/01/2023,10:01:08,"63.88","23.10","63.00","100.00","0.00"
23/01/2023,10:01:12,"63.44","23.10","63.00","100.00","0.00"
23/01/2023,10:01:16,"63.56","23.10","63.00","0.00","57.20"
23/01/2023,10:01:20,"64.06","23.10","63.00","0.00","100.00"
23/01/2023,10:01:24,"64.38","23.10","63.00","0.00","100.00"
23/01/2023,10:01:28,"63.75","23.10","63.00","100.00","0.00"
23/01/2023,10:01:32,"63.25","23.10","63.00","100.00","0.00"
23/01/2023,10:01:36,"63.50","23.10","63.00","0.00","100.00"
23/01/2023,10:01:40,"64.00","23.10","63.00","0.00","100.00"
23/01/2023,10:01:45,"63.69","23.10","54.00","0.00","100.00"
23/01/2023,10:01:49,"63.00","23.10","54.00","9.95","0.00"
23/01/2023,10:01:53,"62.31","23.10","54.00","28.91","0.00"
23/01/2023,10:01:57,"62.56","23.10","54.00","0.00","100.00"
23/01/2023,10:02:01,"63.00","23.10","54.00","0.00","100.00"
23/01/2023,10:02:05,"62.62","23.10","54.00","0.00","100.00"
23/01/2023,10:02:09,"61.75","23.10","54.00","100.00","0.00"
23/01/2023,10:02:14,"61.19","23.10","54.00","4.44","0.00"
23/01/2023,10:02:18,"61.31","23.10","54.00","0.00","100.00"
23/01/2023,10:02:22,"61.69","23.10","54.00","0.00","100.00"
23/01/2023,10:02:26,"61.25","23.10","54.00","0.00","51.89"
23/01/2023,10:02:30,"60.50","23.10","54.00","94.31","0.00"
23/01/2023,10:02:34,"60.25","23.10","54.00","0.00","99.44"
23/01/2023,10:02:38,"60.44","23.10","54.00","0.00","100.00"
23/01/2023,10:02:42,"60.12","23.10","54.00","0.00","73.20"
23/01/2023,10:02:46,"59.38","23.10","54.00","100.00","0.00"
23/01/2023,10:02:50,"59.00","23.10","54.00","0.00","40.00"
23/01/2023,10:02:54,"59.19","23.10","54.00","0.00","100.00"
23/01/2023,10:02:58,"59.31","23.10","54.00","0.00","100.00"
23/01/2023,10:03:02,"58.75","23.10","54.00","62.92","0.00"
23/01/2023,10:03:06,"58.12","23.10","54.00","100.00","0.00"
23/01/2023,10:03:10,"58.25","23.10","54.00","0.00","100.00"
23/01/2023,10:03:14,"58.69","23.10","54.00","0.00","100.00"
23/01/2023,10:03:18,"58.50","23.10","54.00","0.00","80.00"
23/01/2023,10:03:22,"57.88","23.10","54.00","100.00","0.00"
23/01/2023,10:03:26,"57.56","23.10","54.00","0.00","40.00"
23/01/2023,10:03:30,"57.75","23.10","54.00","0.00","100.00"
23/01/2023,10:03:35,"58.00","23.10","54.00","0.00","100.00"
23/01/2023,10:03:39,"57.50","23.10","54.00","75.00","0.00"
23/01/2023,10:03:43,"56.94","23.10","54.00","100.00","0.00"
23/01/2023,10:03:47,"57.06","23.10","54.00","0.00","100.00"
23/01/2023,10:03:51,"57.62","23.10","54.00","0.00","100.00"
23/01/2023,10:03:55,"57.38","23.10","54.00","0.00","40.00"
23/01/2023,10:03:59,"56.94","23.10","54.00","66.88","0.00"
23/01/2023,10:04:03,"56.88","23.10","54.00","0.00","81.25"
23/01/2023,10:04:07,"57.19","23.10","54.00","0.00","100.00"
23/01/2023,10:04:11,"57.00","23.10","54.00","0.00","40.00"
23/01/2023,10:04:15,"56.62","23.10","54.00","51.25","0.00"
23/01/2023,10:04:19,"56.50","23.10","54.00","0.00","45.00"
23/01/2023,10:04:23,"56.75","23.10","54.00","0.00","100.00"
23/01/2023,10:04:27,"56.81","23.10","54.00","0.00","100.00"
23/01/2023,10:04:31,"56.44","23.10","54.00","56.88","0.00"
23/01/2023,10:04:35,"55.75","23.10","54.00","100.00","0.00"
23/01/2023,10:04:39,"56.00","23.10","54.00","0.00","100.00"
23/01/2023,10:04:43,"56.31","23.10","54.00","0.00","100.00"
23/01/2023,10:04:47,"56.00","23.10","54.00","45.00","0.00"
23/01/2023,10:04:52,"55.62","23.10","54.00","81.25","0.00"
23/01/2023,10:04:56,"55.75","23.10","54.00","0.00","100.00"
23/01/2023,10:05:00,"56.12","23.10","54.00","0.00","100.00"
23/01/2023,10:05:04,"55.94","23.10","54.00","0.00","40.00"
23/01/2023,10:05:08,"55.56","23.10","54.00","83.12","0.00"
23/01/2023,10:05:12,"55.31","23.10","54.00","40.62","0.00"
23/01/2023,10:05:16,"55.69","23.10","54.00","0.00","100.00"
23/01/2023,10:05:20,"56.06","23.10","54.00","0.00","100.00"
23/01/2023,10:05:24,"55.81","23.10","54.00","25.62","0.00"
23/01/2023,10:05:28,"55.44","23.10","54.00","86.88","0.00"
23/01/2023,10:05:32,"55.62","23.10","54.00","0.00","100.00"
23/01/2023,10:05:36,"55.94","23.10","54.00","0.00","100.00"
23/01/2023,10:05:40,"55.75","23.10","54.00","2.50","0.00"
23/01/2023,10:05:44,"55.31","23.10","54.00","100.00","0.00"
23/01/2023,10:05:49,"55.56","23.10","33.00","0.00","100.00"
23/01/2023,10:05:53,"55.94","23.10","33.00","0.00","100.00"
23/01/2023,10:05:57,"55.75","23.10","33.00","0.00","100.00"
23/01/2023,10:06:01,"55.31","23.10","33.00","0.00","100.00"
23/01/2023,10:06:05,"54.81","23.10","33.00","0.00","100.00"
23/01/2023,10:06:09,"54.19","23.10","33.00","0.00","100.00"
23/01/2023,10:06:13,"53.75","23.10","33.00","0.00","100.00"
23/01/2023,10:06:18,"53.19","23.10","33.00","0.00","100.00"
23/01/2023,10:06:22,"52.81","23.10","33.00","0.00","100.00"
23/01/2023,10:06:26,"52.25","23.10","33.00","0.00","100.00"
23/01/2023,10:06:30,"51.88","23.10","33.00","0.00","100.00"
23/01/2023,10:06:34,"51.31","23.10","33.00","0.00","100.00"
23/01/2023,10:06:38,"50.88","23.10","33.00","0.00","100.00"
23/01/2023,10:06:42,"50.31","23.10","33.00","0.00","100.00"
23/01/2023,10:06:46,"49.81","23.10","33.00","0.00","100.00"
23/01/2023,10:06:50,"49.38","23.10","33.00","0.00","100.00"
23/01/2023,10:06:54,"48.75","23.10","33.00","0.00","100.00"
23/01/2023,10:06:58,"48.31","23.10","33.00","0.00","100.00"
23/01/2023,10:07:02,"47.69","23.10","33.00","0.00","100.00"
23/01/2023,10:07:06,"47.31","23.10","33.00","0.00","100.00"
23/01/2023,10:07:10,"46.81","23.10","33.00","0.00","100.00"
23/01/2023,10:07:14,"46.25","23.10","33.00","0.00","100.00"
23/01/2023,10:07:18,"45.94","23.10","33.00","0.00","100.00"
23/01/2023,10:07:22,"45.44","23.10","33.00","0.00","100.00"
23/01/2023,10:07:26,"45.19","23.10","33.00","0.00","100.00"
23/01/2023,10:07:30,"44.62","23.10","33.00","0.00","100.00"
23/01/2023,10:07:34,"44.19","23.10","33.00","0.00","100.00"
23/01/2023,10:07:39,"43.88","23.10","33.00","0.00","100.00"
23/01/2023,10:07:43,"43.38","23.10","33.00","0.00","100.00"
23/01/2023,10:07:47,"43.12","23.10","33.00","0.00","100.00"
23/01/2023,10:07:51,"42.62","23.10","33.00","0.00","100.00"
23/01/2023,10:07:55,"42.31","23.10","33.00","0.00","100.00"
23/01/2023,10:07:59,"41.88","23.10","33.00","0.00","100.00"
23/01/2023,10:08:03,"41.50","23.10","33.00","0.00","100.00"
23/01/2023,10:08:07,"41.25","23.10","33.00","0.00","100.00"
23/01/2023,10:08:11,"40.81","23.10","33.00","0.00","79.38"
23/01/2023,10:08:15,"40.56","23.10","33.00","0.00","100.00"
23/01/2023,10:08:19,"40.25","23.10","33.00","0.00","100.00"
23/01/2023,10:08:23,"40.00","23.10","33.00","0.00","100.00"
23/01/2023,10:08:27,"39.56","23.10","33.00","0.00","41.88"
23/01/2023,10:08:31,"39.25","23.10","33.00","0.00","82.50"
23/01/2023,10:08:35,"39.19","23.10","33.00","0.00","100.00"
23/01/2023,10:08:39,"38.94","23.10","33.00","0.00","98.12"
23/01/2023,10:08:43,"38.75","23.10","33.00","0.00","100.00"
23/01/2023,10:08:47,"38.38","23.10","33.00","0.00","40.00"
23/01/2023,10:08:51,"38.19","23.10","33.00","0.00","100.00"
23/01/2023,10:08:55,"37.94","23.10","33.00","0.00","68.12"
23/01/2023,10:09:00,"37.69","23.10","33.00","0.00","60.62"
23/01/2023,10:09:04,"37.56","23.10","33.00","0.00","100.00"
23/01/2023,10:09:08,"37.31","23.10","33.00","0.00","49.38"
23/01/2023,10:09:12,"37.12","23.10","33.00","0.00","68.75"
23/01/2023,10:09:16,"36.94","23.10","33.00","0.00","63.12"
23/01/2023,10:09:20,"36.75","23.10","33.00","0.00","57.50"
23/01/2023,10:09:24,"36.56","23.10","33.00","0.00","51.88"
23/01/2023,10:09:28,"36.44","23.10","33.00","0.00","73.12"
23/01/2023,10:09:32,"36.31","23.10","33.00","0.00","69.38"
23/01/2023,10:09:36,"36.12","23.10","33.00","0.00","40.00"
23/01/2023,10:09:40,"36.00","23.10","33.00","0.00","60.00"
23/01/2023,10:09:44,"35.88","23.10","33.00","0.00","56.25"
23/01/2023,10:09:48,"35.75","23.10","33.00","0.00","52.50"
23/01/2023,10:09:52,"35.62","23.10","33.00","0.00","48.75"
23/01/2023,10:09:56,"35.50","23.10","33.00","0.00","45.00"
23/01/2023,10:10:00,"35.44","23.10","33.00","0.00","68.12"
23/01/2023,10:10:04,"35.25","23.10","33.00","0.00","40.00"
23/01/2023,10:10:08,"35.12","23.10","33.00","0.00","40.00"
23/01/2023,10:10:12,"35.06","23.10","33.00","0.00","56.88"
23/01/2023,10:10:16,"35.00","23.10","33.00","0.00","55.00"
23/01/2023,10:10:21,"34.81","23.10","33.00","0.62","0.00"
23/01/2023,10:10:25,"34.75","23.10","33.00","0.00","47.50"
23/01/2023,10:10:29,"34.75","23.10","33.00","0.00","72.50"
23/01/2023,10:10:33,"34.62","23.10","33.00","0.00","40.00"
23/01/2023,10:10:37,"34.50","23.10","33.00","0.00","40.00"
23/01/2023,10:10:41,"34.38","23.10","33.00","0.00","40.00"
23/01/2023,10:10:45,"34.25","23.10","33.00","0.00","40.00"
23/01/2023,10:10:49,"34.12","23.10","33.00","0.00","40.00"
23/01/2023,10:10:53,"34.06","23.10","33.00","0.00","40.00"
23/01/2023,10:10:57,"34.00","23.10","33.00","0.00","40.00"
23/01/2023,10:11:01,"33.81","23.10","33.00","30.62","0.00"
23/01/2023,10:11:05,"33.88","23.10","33.00","0.00","71.25"
23/01/2023,10:11:09,"33.88","23.10","33.00","0.00","46.25"
23/01/2023,10:11:13,"33.81","23.10","33.00","0.00","40.00"
23/01/2023,10:11:17,"33.69","23.10","33.00","9.38","0.00"
23/01/2023,10:11:21,"33.62","23.10","33.00","0.00","40.00"
23/01/2023,10:11:25,"33.69","23.10","33.00","0.00","65.62"
23/01/2023,10:11:29,"33.62","23.10","33.00","0.00","40.00"
23/01/2023,10:11:33,"33.56","23.10","33.00","0.00","40.00"
23/01/2023,10:11:37,"33.50","23.10","33.00","0.00","40.00"
23/01/2023,10:11:42,"33.50","23.10","33.00","0.00","40.00"
23/01/2023,10:11:46,"33.38","23.10","33.00","18.75","0.00"
23/01/2023,10:11:50,"33.31","23.10","33.00","0.00","40.00"
23/01/2023,10:11:54,"33.31","23.10","33.00","0.00","40.00"
23/01/2023,10:11:58,"33.31","23.10","33.00","0.00","40.00"
23/01/2023,10:12:02,"33.25","23.10","33.00","0.00","40.00"
23/01/2023,10:12:06,"33.31","23.10","33.00","0.00","54.38"
23/01/2023,10:12:10,"33.19","23.10","33.00","24.38","0.00"
23/01/2023,10:12:14,"33.12","23.10","33.00","1.25","0.00"
23/01/2023,10:12:18,"33.12","23.10","33.00","0.00","40.00"
23/01/2023,10:12:22,"33.19","23.10","33.00","0.00","50.62"
23/01/2023,10:12:26,"33.25","23.10","33.00","0.00","52.50"
23/01/2023,10:12:30,"33.19","23.10","33.00","0.00","40.00"
23/01/2023,10:12:34,"33.12","23.10","33.00","1.25","0.00"
23/01/2023,10:12:38,"33.12","23.10","33.00","0.00","40.00"
23/01/2023,10:12:42,"33.12","23.10","33.00","0.00","40.00"
23/01/2023,10:12:46,"33.19","23.10","33.00","0.00","50.62"
23/01/2023,10:12:50,"33.12","23.10","33.00","1.25","0.00"
23/01/2023,10:12:54,"33.00","23.10","33.00","30.00","0.00"
23/01/2023,10:12:58,"33.00","23.10","33.00","0.00","40.00"
23/01/2023,10:13:03,"33.06","23.10","33.00","0.00","46.88"
23/01/2023,10:13:07,"33.06","23.10","33.00","0.00","40.00"
23/01/2023,10:13:11,"33.06","23.10","33.00","0.00","40.00"
23/01/2023,10:13:15,"33.00","23.10","33.00","5.00","0.00"
23/01/2023,10:13:19,"32.94","23.10","33.00","6.89","0.00"
23/01/2023,10:13:23,"32.94","23.10","33.00","0.00","40.00"
23/01/2023,10:13:27,"33.00","23.10","33.00","0.00","44.97"
23/01/2023,10:13:31,"33.00","23.10","33.00","0.00","40.00"
23/01/2023,10:13:35,"33.00","23.10","33.00","0.00","40.00"
23/01/2023,10:13:39,"32.94","23.10","33.00","6.91","0.00"
23/01/2023,10:13:43,"32.88","23.10","33.00","8.81","0.00"
23/01/2023,10:13:47,"32.88","23.10","33.00","0.00","40.00"
23/01/2023,10:13:51,"32.94","23.10","33.00","0.00","43.03"